2018, GENE, 0
2018, AGRI, 0
2018, ARTS, 0
2018, BIOC, 0
2018, BUSI, 0
2018, CENG, 0
2018, CHEM, 0
2018, COMP, 0
2018, DECI, 0
2018, EART, 0
2018, ECON, 0
2018, ENER, 0
2018, ENGI, 0
2018, ENVI, 0
2018, IMMU, 0
2018, MATE, 0
2018, MATH, 0
2018, MEDI, 0
2018, NEUR, 0
2018, NURS, 0
2018, PHAR, 0
2018, PHYS, 0
2018, PSYC, 0
2018, SOCI, 0
2018, VETE, 0
2018, DENT, 0
2018, HEAL, 0
2019, GENE, 0
2019, AGRI, 0
2019, ARTS, 0
2019, BIOC, 0
2019, BUSI, 0
2019, CENG, 0
2019, CHEM, 0
2019, COMP, 0
2019, DECI, 0
2019, EART, 0
2019, ECON, 0
2019, ENER, 0
2019, ENGI, 0
2019, ENVI, 0
2019, IMMU, 0
2019, MATE, 0
2019, MATH, 0
2019, MEDI, 0
2019, NEUR, 0
2019, NURS, 0
2019, PHAR, 0
2019, PHYS, 0
2019, PSYC, 0
2019, SOCI, 0
2019, VETE, 0
2019, DENT, 0
2019, HEAL, 0
2020, GENE, 0
2020, AGRI, 0
2020, ARTS, 0
2020, BIOC, 0
2020, BUSI, 0
2020, CENG, 0
2020, CHEM, 0
2020, COMP, 0
2020, DECI, 0
2020, EART, 0
2020, ECON, 0
2020, ENER, 0
2020, ENGI, 0
2020, ENVI, 0
2020, IMMU, 0
2020, MATE, 0
2020, MATH, 0
2020, MEDI, 0
2020, NEUR, 0
2020, NURS, 0
2020, PHAR, 0
2020, PHYS, 0
2020, PSYC, 0
2020, SOCI, 0
2020, VETE, 0
2020, DENT, 0
2020, HEAL, 0
2021, GENE, 0
2021, AGRI, 0
2021, ARTS, 0
2021, BIOC, 0
2021, BUSI, 0
2021, CENG, 0
2021, CHEM, 0
2021, COMP, 0
2021, DECI, 0
2021, EART, 0
2021, ECON, 0
2021, ENER, 0
2021, ENGI, 0
2021, ENVI, 0
2021, IMMU, 0
2021, MATE, 0
2021, MATH, 0
2021, MEDI, 0
2021, NEUR, 0
2021, NURS, 0
2021, PHAR, 0
2021, PHYS, 0
2021, PSYC, 0
2021, SOCI, 0
2021, VETE, 0
2021, DENT, 0
2021, HEAL, 0
2022, GENE, 0
2022, AGRI, 0
2022, ARTS, 0
2022, BIOC, 0
2022, BUSI, 0
2022, CENG, 0
2022, CHEM, 0
2022, COMP, 0
2022, DECI, 0
2022, EART, 0
2022, ECON, 0
2022, ENER, 0
2022, ENGI, 0
2022, ENVI, 0
2022, IMMU, 0
2022, MATE, 0
2022, MATH, 0
2022, MEDI, 0
2022, NEUR, 0
2022, NURS, 0
2022, PHAR, 0
2022, PHYS, 0
2022, PSYC, 0
2022, SOCI, 0
2022, VETE, 0
2022, DENT, 0
2022, HEAL, 0
2023, GENE, 0
2023, AGRI, 0
2023, ARTS, 0
2023, BIOC, 0
2023, BUSI, 0
2023, CENG, 0
2023, CHEM, 0
2023, COMP, 0
2023, DECI, 0
2023, EART, 0
2023, ECON, 0
2023, ENER, 0
2023, ENGI, 0
2023, ENVI, 0
2023, IMMU, 0
2023, MATE, 0
2023, MATH, 0
2023, MEDI, 0
2023, NEUR, 0
2023, NURS, 0
2023, PHAR, 0
2023, PHYS, 0
2023, PSYC, 0
2023, SOCI, 0
2023, VETE, 0
2023, DENT, 0
2023, HEAL, 0
